0.3864482,0.4204369,0.37221366,0.4344358,0.51623404,0.42656925,0.4495027,0.5347019,0.5017141,0.5129706,0
0.3664485,0.43072742,0.39830467,0.33077684,0.4851256,0.2794486,0.3234538,0.45298296,0.2613957,0.37314832,0
0.34966916,0.3777803,0.42285454,0.25252947,0.275684,0.21611689,0.33679527,0.3278541,0.31063557,0.32723343,0
0.2532171,0.23011382,0.2624818,0.24068458,0.23330009,0.35669503,0.38010198,0.27307323,0.27421314,0.34899127,0
0.56961465,0.52256525,0.4745971,0.5016669,0.64154696,0.54042,0.6573291,0.58822095,0.64190036,0.55237246,0
0.35716224,0.42440715,0.45875284,0.41718134,0.2841507,0.31023365,0.33721757,0.31855723,0.26939747,0.28728598,0
0.48055866,0.43885732,0.38214538,0.42486787,0.52654314,0.47548383,0.4736863,0.35301027,0.38956738,0.39634436,0
0.4643565,0.3241895,0.44263062,0.2669148,0.3085156,0.28704455,0.3304564,0.27963623,0.3873745,0.30097267,0
0.4618071,0.46896777,0.25780025,0.34525093,0.26596668,0.32305452,0.33691612,0.29965794,0.3279199,0.27945662,0
0.4716371,0.7419455,0.5379407,0.5680416,0.5864669,0.78773826,0.51242614,0.9564015,0.6640415,0.6443447,0.5913601,0
0.48514625,0.33183923,0.3702235,0.38168103,0.4570988,0.36476842,0.4471416,0.5095235,0.5474998,0.4458319,0
0.20019561,0.21663733,0.234406,0.28541794,0.22844243,0.17840539,0.3238525,0.19665325,0.2690544,0.32903352,0
0.39794764,0.32473713,0.4022615,0.46406204,0.31085858,0.4306167,0.36959064,0.3946609,0.49611503,0.5433566,0
0.64583075,0.44131702,0.4592466,0.4608279,0.6049238,0.4928186,0.4624083,0.41559413,0.6732843,0.6506745,0
0.3389433,0.5439695,0.3980134,0.36968383,0.3869376,0.34565523,0.2550394,0.3576727,0.3670275,0.27326065,0
0.6688165,0.69504815,0.8367901,0.6042676,0.70074517,0.7291056,0.63977325,0.69673187,0.7525987,0.5793583,0.7150197,0.679574,0.9322943,0.5334654,0.6485955,0.7536853,0.7735269,0.59039456,0.80071896,0.76320213,0
0.54691136,0.67881143,0.44668016,0.38837206,0.48243916,0.44006434,0.42513928,0.46543205,0.45095718,0.5388681,0
0.3945237,0.38298848,0.34976247,0.32661492,0.4896033,0.3962511,0.413512,0.4678657,0.43628648,0.34519625,0
0.30923066,0.3146706,0.32813248,0.30872062,0.26848418,0.3794957,0.38681608,0.37143454,0.30661458,0.3700498,0
0.3620457,0.54355127,0.39611164,0.36369067,0.41741765,0.44599664,0.3972657,0.38988882,0.5393213,0.4707223,0
0.39812776,0.29508278,0.36021894,0.4429636,0.44619924,0.3445304,0.3254131,0.3371452,0.29946375,0.38135234,0
0.47895235,0.41985375,0.7089191,0.49613786,0.4916773,0.42481542,0.58901703,0.4645562,0.61868554,0.48942685,0
0.5918353,0.5989103,0.5556893,0.56639683,0.5740123,0.40772977,0.62638825,0.5830842,0.5551257,0
0.40235683,0.37362352,0.30773184,0.30080536,0.49797928,0.41061592,0.32247603,0.3655514,0.40661448,0.37941903,0
0.80513126,0.46003768,0.60863477,0.50279313,0.3879335,0.45305458,0.39151713,0.6393325,0.45679525,0.408758,0
0.6510693,0.70256627,0.3573773,0.47023603,0.49590236,0.42207712,0.33243376,0.43878323,0.51489925,0.50885725,0
0.48922232,0.45735916,0.32259265,0.30873072,0.31720266,0.26017424,0.38429162,0.3020845,0.2604043,0.3763343,0
0.639992,0.707795,0.6705661,0.68846166,0.62959063,0.8239868,0.6697969,0.780989,0.6984394,0.7310055,0.69264203,0.8034355,0.6644402,0.767723,0.60870713,0.71612334,0.65147233,0.6741392,0.6745995,0.7114931,0
0.7096266,0.48333845,0.52883416,0.61467415,0.54434544,0.8425369,0.8634157,0.8072099,0.5309596,0.7497798,0.43595356,0.44833526,0
0.2762634,0.30695903,0.21942568,0.24385835,0.30681726,0.44991073,0.25156277,0.3402724,0.3569142,0.20274498,0
0.4971636,0.53126496,0.4396226,1.0477663,0.4981649,0.48839533,0.41065332,0.4658268,0.3614103,0.39930788,0
0.3122939,0.3122702,0.23488383,0.18623875,0.3640065,0.22348344,0.27596724,0.23149842,0.29490653,0.27797386,0
0.4293149,0.38939136,0.43078193,0.41547564,0.47286177,0.34398505,0.4078083,0.40452495,0.536652,0.41333076,0
0.35040703,0.3427118,0.30688703,0.24799803,0.4112937,0.31515527,0.22377318,0.23561911,0.32547927,0.40303263,0
0.46774742,0.3523933,0.38789433,0.3980616,0.33064088,0.40140793,1.1989611,0.39489952,0.4331294,0.54028314,0.4420049,0
0.44409132,0.32888487,0.31123155,0.316921,0.34998086,0.4582306,0.35876995,0.3929294,0.26669905,0.5878751,0
0.24902067,0.20046853,0.2325473,0.2383711,0.2141046,0.3164956,0.3114588,0.2670447,0.29737437,0.2970343,0
0.3564088,0.38125852,0.5011224,0.39216712,0.430867,0.40608898,0.39514866,0.35146835,0.29442436,0.55065626,0
0.43950927,0.34974536,0.6740872,0.41397077,0.35518903,0.40647238,0.34430656,0.31379637,0.35068142,0.34898007,0
0.34594756,0.42614692,0.3968208,0.25597137,0.37503803,0.43104848,0.41802692,0.43314275,0.40451232,0.33836603,0
0.55549467,0.68830997,0.5733049,0.50169134,0.7197904,0.5087813,0.6627989,0.53445965,0.5932279,0.4201135,0
0.29505682,0.26152995,0.23445015,0.23863575,0.22434369,0.22064433,0.20015967,0.2214712,0.3552122,0.33402646,0
0.73919183,0.8999003,0.6876438,0.7372207,0.7429418,0.6658527,0.76445854,0.6977336,0.7347902,0.71066356,0.6864951,0.66398346,0.6990089,0.6828168,0.68360215,0.7869646,0.74322146,0.7238178,0.70578116,0.7171891,0
0.5287524,0.5145891,0.3534025,0.5613056,0.9730639,0.45753023,0.54987425,0.41300854,0
0.3202113,0.37648857,0.31459877,0.3804405,0.39434418,0.26631674,0.28037906,0.3260323,0.2826343,0.2804952,0
0.3598978,0.3655972,0.29663354,0.24772726,0.2504952,0.22435758,0.33764768,0.2738403,0.32604858,0.37342435,0
0.5907728,0.65270114,0.56714714,0.67287123,0.5989387,0.6343323,0.96294665,0.6096059,0.91600746,0.8182147,0.92409295,0.5551525,0.900849,0.5836365,0.9659961,0
0.46357608,0.38593975,0.40485767,0.47004753,0.66815543,0.3829366,0.506849,0.47645703,0.36265072,0
0.53325623,0.62251836,0.44608438,0.6002373,0.42221117,0.5321108,0.49882266,0.81625384,0.50904644,0.47669584,0
0.43445176,0.29938847,0.39662004,0.2791236,0.3597474,0.3216952,0.17979981,0.2838086,0.30346647,0.27272886,0
0.65666795,0.562023,0.6000974,0.5717979,0.60272574,0.4695597,0.44689935,0.5564352,0.50513667,0.6209258,0
0.48699453,1.0266801,0.46034798,1.0853747,0.44839284,0.40317532,0.5385037,0.5487015,0.49899513,0.45734775,0.5236603,0.5067599,0
0.34109104,0.28148824,0.29033843,0.4009203,0.30859768,0.3258881,0.25246987,0.31592125,0.2923142,0.30953363,0
0.42728156,0.3987504,0.39573863,0.37165242,0.3561156,0.3318933,0.38831967,0.37753996,0.44579327,0.41305587,0
0.42961302,0.3909114,0.4278883,0.5033528,0.32647467,0.35014978,0.42684096,0.36265847,0.5308519,0.42217636,0
0.7713177,0.7805862,0.50713855,0.89463735,0.65512663,0.76156235,0.5488042,0.6529801,0.57631546,0.6218969,0.7455205,0.55122024,0.7974569,0.5703581,0
0.3499186,0.29416108,0.34717923,0.4177061,0.34425622,0.26684937,0.31550437,0.29463187,0.44455478,0.32689655,0
0.5198884,0.39154264,0.43955246,0.39474997,0.4465305,0.67197996,0.53159827,0.3635446,0
0.33142793,0.38480532,0.5292208,0.46793306,0.40994206,0.3795012,0.45500472,0.41198766,0.31502777,0.3510603,0
0.4061203,0.33809268,0.31625766,0.3145732,0.41131464,0.369664,0.33413693,0.28792986,0.38648465,0.35189638,0
0.36884102,0.44800457,0.48100635,0.5035817,0.398621,0.4419115,0.541938,0.32116273,0.4879785,0.36607292,0
0.39853072,0.5096077,0.4544303,0.5156856,0.6517766,0.5826626,0.56799644,0.56173295,0.6120614,0.5288565,0
0.55555505,0.44895566,0.49162576,0.41042215,0.6125988,0.6947996,0.6140043,0.6153293,0.5702376,0.6180707,0
0.45360264,0.47073525,0.52441627,0.4747638,0.4433263,0.46666887,0.4912162,0.4814068,0.42244586,0.5510797,0
0.77027345,0.45106313,0.47680786,0.73393965,0.4497086,0.44868225,0.7408031,0.4884975,0.3360528,0.4667803,0
0.4123536,0.4141241,0.38525054,0.31043008,0.43124112,0.4607922,0
0.24470057,0.25161004,0.29670897,0.2351842,0.2542587,0.26697898,0.291025,0.21567743,0.29391235,0.29997152,0
0.47236794,0.41088787,0.40708697,0.43668437,0.32730547,0.4867787,0.4304329,0.52824056,0.40984553,0.3675413,0
0.27418876,0.26963958,0.24579225,0.20034197,0.28271973,0.24920113,0.26400608,0.24082531,0.24524385,0.19413768,0
0.55759645,0.4779965,0.608502,0.6401913,0.48309505,0.5672843,0.48144853,0.4403776,0.6334893,0.48924014,0
0.43730393,0.29953632,0.3922665,0.36719367,0.2599537,0.31356698,0.31274018,0.321646,0.30720285,0.5057748,0
0.5097421,0.4297335,0.42578337,0.51474005,0.5509432,0.55438673,0.3913209,0.41311526,0.35684496,0.5270033,0
0.4346208,0.40299717,0.48880467,0.67202914,0.8162017,0.5101159,0.42438152,0.4127828,0.4843685,0.49032488,0
0.40328082,0.64820737,0.3687067,0.4288672,0.44003168,0.5954958,0
0.3715527,0.3813807,0.3864332,0.38630465,0.3436396,0.4734657,0.32457757,0.4010056,0.37398678,0.31934607,0
0.46178818,0.42252243,0.4074822,0.3558016,0.4237767,0.40491238,0.5100706,0.3847194,0.403671,0.48686808,0
0.2489953,0.2475061,0.2611338,0.20978951,0.3356381,0.25510252,0.32044798,0.2598195,0.34737068,0.26687014,0
0.3727092,0.34895846,0.36921558,0.46975437,0.25696483,0.39056197,0.41190264,0.456911,0.333752,0.33036926,0
0.5509086,0.594581,0.53886074,0.5266355,0.606027,0.6000557,0.6524423,0.5188247,0.6618575,0.5806207,0
0.36776233,0.39213812,0.43942016,0.49797794,0.5765719,0.3501779,0.2940749,0.37689927,0.5087785,0
0.70687705,0.932567,0.9881233,0.7370571,0.62807906,0.55979496,0.53831,0.70288116,0.7824234,0.44647878,0.6392924,0.60235995,0.8827999,0.61057836,0
0.34930933,0.54143065,0.348945,0.27369228,0.51098853,0.3657318,0.3185942,0.29949665,0.46591684,0.43058094,0
0.53085345,0.57132316,0.51536405,0.5619913,0.59148526,0.4259456,0.48247826,0.37429294,0.39504644,0.61141664,0
0.9183796,0.78485596,0.89059633,0.77177477,0.68791264,0.85973203,0.6234362,0.6152071,0.62457484,0.68320894,0
0.43049088,0.4668436,0.39550117,0.4259814,0.44238427,0.5004985,0.42755052,0.4954047,1.1890435,0.40072906,0.42124975,0
0.35167265,0.41720816,0.40825668,0.38602167,0.41379675,0.56017226,0.36416814,0.51968104,0.30162296,0.40105626,0
0.6179287,0.8613351,0.47803202,0.48637438,0.37184852,0.365807,0.4456326,0.6100661,0.4491998,0.51284826,0
0.49044767,0.47258106,0.47876307,0.4382353,0.3107289,0.60115486,0.46873462,0.60094833,0.3762244,0.43128178,0
0.3793108,0.2993159,0.30620366,0.4020243,0.31430188,0.32428846,0.4208802,0.30802178,0.41729477,0.28845268,0
0.42002234,0.36612606,0.5088255,0.3658435,0.46003896,0.42882365,0.3311136,0.53068167,0.39021462,0.43807834,0
0.64834154,0.60095745,0.60472697,0.4150262,0.47077477,0.46931863,0.6605144,0.4175179,0.49198917,0.4712478,0
0.5091088,0.54335684,0.6650343,0.7945833,0.5637787,0.5719523,0.47811517,0.4926358,0.4826703,0.524283,0
0.6644699,0.5398462,0.46843943,0.5865772,0.70087385,0.47654536,0.4650954,0.5204952,0.5461759,0.6520949,0
0.55997974,0.3970695,0.53404635,0.55428135,0.48414105,0.55401784,0.4332631,0.40550375,0.5143118,0
0.35552588,0.3492368,0.2627105,0.32932845,0.3916398,0.4111057,0.36657557,0.39758506,0.34676078,0.43746838,0
0.27424836,0.30240396,0.2912599,0.21356761,0.2799878,0.30018958,0.3971426,0.2706005,0.24238938,0.2812863,0
0.30737162,0.36844668,0.4070401,0.45724216,0.27720025,0.46040037,0.3024646,0.3143584,0.3671629,0.46278033,0
0.46219805,0.5911093,0.6437445,0.35834196,0.34729087,0.3685986,0.2572212,0.37489194,0.44717088,0.3516673,0
0.44995287,0.28080195,0.2815188,0.27609178,0.46112788,0.27304822,0.3171108,0.33072662,0.3530425,0.34460542,0
0.5874021,0.675636,0.6084555,0.48749423,0.50960624,0.6294283,0.7662934,0.61825436,0.55828565,0.48281196,0
0.3505939,0.36424255,0.32799295,0.2900103,0.29307643,0.44801456,0.2785226,0.22136536,0.3116394,0.26493496,0
0.5484909,0.77242684,0.5526414,0.67951447,0.56512976,0.5329681,0.59568554,0.57889557,0.5486291,0.43241632,0
0.68152404,0.88262147,0.66141975,0.8581558,0.60978234,0.8875057,0.68917435,0.8975978,0.72762907,0.768714,0.7647567,0.6951045,0.7530278,0.6629347,0.94554514,0.5902455,0.86195445,0.73157376,0.60203063,0
0.47584087,0.4116517,0.33114874,0.44259682,0.3730506,0.3896532,0.36943567,0.34395573,0.39783993,0.4403405,0
0.81883085,0.35525185,0.35389662,0.30349812,0.33077362,0.43618107,0.38380986,0.34216052,0
0.41337135,0.326393,0.37514192,0.39483508,0.34601796,0.4538339,0.3929187,0.46849096,0.5577839,0.4591643,0
0.6382978,0.6202668,0.5655207,0.5957545,0.57321113,0.5631212,0.5086007,0.49861097,0.47288764,0.678719,0
0.40824732,0.5940076,0.6048371,0.5925516,0.5309226,0.5799608,0.5155708,0.6337545,0.41992465,0
0.44019637,0.39610544,0.61957276,0.64592534,1.1787648,0.48635638,0.48362067,0.5978064,0.507619,0.5014905,0.49563292,0
0.71141607,0.4818882,0.72390443,0.49486494,0.48620775,0.5784456,0.8556505,0.58771074,0.87348646,0.9078298,0.68037385,0.5591543,0.6583965,0
0.34353215,0.40446752,0.56178147,0.5123452,0.5077383,0.79660684,0.6481909,0.5242172,0.56241554,0.36759004,0
0.40930653,0.38964942,0.41898453,0.48375827,0.42289487,0.4264304,0.33000326,0.29107946,0.30029565,0.3187639,0
0.74384767,0.7113485,1.0750196,0.73266,0.8240106,0.7190871,0.7854322,0.68183005,0.7407526,0.762227,0.7217534,0.6853622,0.731334,0.6887065,0.70945704,0.707076,0.71915835,0.80015457,0.6766433,0.8777715,0
0.40321296,0.36897942,0.38340402,0.51733375,0.5358209,0.3371416,0.41613647,0.28093612,0.34582826,0.3081903,0
0.4141367,0.60929537,0.43445185,0.40205538,0.37611482,0.33215657,0.36497205,0.45972353,0.47273684,0.31160387,0
0.68774307,1.2173483,0.54707605,0.79636776,0.5414743,0.5733679,0.5632629,0.38038826,0.45573345,0.46860683,0.41607845,0
0.3055156,0.29209822,0.31875885,0.28913867,0.2595232,0.27164176,0.20739543,0.35933062,0.25582236,0.381791,0
0.3681854,0.40507123,0.5969486,0.4605539,0.41241124,0.37244537,0.3866749,0.3855612,0.36563393,0.3879093,0
0.42112374,0.5980251,0.5790436,0.4166509,0.47288543,0.6718173,0.54819465,0.5400426,0.39895442,0
0.44927838,0.6057587,0.60973126,0.5049892,0.5771889,1.0007112,1.0225325,0.7314243,0.6826302,0.60922474,0.52848864,0
0.4436434,0.28410235,0.31702483,0.4153468,0.25280252,0.3439176,0.32338715,0.34523308,0.32188037,0.34980497,0
0.2800487,0.26939362,0.2233915,0.36838254,0.32750437,0.28878704,0.22319064,0.24054281,0.3745536,0.21786407,0
0.4390298,0.44790623,0.3967984,0.42125618,0.45315945,0.37402603,0.31939673,0.4410028,0.4801018,0.3741808,0
0.34453544,0.3473476,0.3437519,0.359787,0.30182073,0.23054624,0.28237104,0.34714258,0.35490635,0.47909355,0
0.57214457,0.5244964,0.4304564,0.40597895,0.4003956,0.5018828,0.46300048,0.62628645,0.52796775,0.42889917,0
0.29096702,0.2760741,0.2593584,0.22661005,0.3286933,0.31658253,0.29638484,0.28682443,0.23469275,0.27062902,0
0.8991471,0.725206,0.7188246,0.7516493,0.64469635,0.8392906,0.56366104,0.91180116,0.59529775,0.81493396,0.62388974,0.9640117,0.59661037,0.7247808,0.6445191,0
0.4324873,0.43774816,0.43376142,0.4037148,0.37210217,0.41434035,0.5376299,0.42847106,0.40826514,0.425467,0
0.43472534,0.368939,0.39741802,0.3132884,0.44132927,0.49365097,0.3580085,0.3250213,0.3599667,0.48707563,0
0.37941957,0.35883486,0.37611303,0.62671494,0.6254253,0.39970586,0.5269945,0.5376835,0.5603068,0.4719456,0
0.20948772,0.31601936,0.28538865,0.27402225,0.33394703,0.22180974,0.3389632,0.2688613,0.25670576,0.24822362,0
0.36927322,0.26831585,0.35199904,0.3065549,0.33372355,0.28600454,0.3269748,0.31110105,0.3671222,0.36872628,0
0.35831967,0.25852653,0.25715157,0.27670625,0.32235053,0.42241,0.35599136,0.36043966,0.30653685,0.31826144,0
0.4334358,0.5622091,0.58817583,0.4339545,0.3056761,0.45942885,0.36663026,0.4441511,0
0.49039206,0.4217183,0.42640328,0.40381393,0.4818385,0.44781375,0.5819411,0.36288464,0.40665632,0.42524832,0
0.58806664,0.56338453,0.53176826,0.5668043,0.6338256,0.653767,0.43474966,0.6695638,0.63928974,0.38793585,0
0.45668924,0.58639145,0.46335393,0.56761867,0.5361818,0.48093203,0.5477002,0.4493003,0.42392373,0.43088612,0
0.37032166,0.32400027,0.34415424,0.37748805,0.33369848,0.24903288,0.30821696,0.27376294,0.38548344,0.26973036,0
0.4461675,0.57277054,0.64321095,0.5601708,0.38268763,0.32727084,0.43635267,0.45580894,0.5810212,0.45510027,0
0.7458716,0.64426064,0.57112366,0.6039452,0.78102446,0.79167324,0.68603164,0.63837475,0.86511576,0.6811848,0
0.43178666,0.5834199,0.49886984,0.7953387,0.54919845,0
0.21597548,0.2857157,0.33447412,0.29075032,0.36816558,0.26250026,0.3167349,0.23398735,0.1728574,0.26255322,0
0.29583734,0.3867713,0.32863617,0.38647485,0.38013119,0.31418812,0.35094714,0.30117634,0.3837325,0.41581443,0
0.4510064,0.54765344,0.47881538,0.55106765,0.615663,0.4579878,0.58358836,0.4895749,0.5218647,0.58713275,0
0.5695408,0.596622,0.4047597,0.4407113,0.4168807,1.3220158,0.59950304,0.49726638,0.5838246,0.58803296,0
0.4884427,0.39605552,0.5019557,0.45551464,0.36759388,0.49747592,0.40596303,0.55782986,0.38632944,0.40615204,0
0.31039602,0.30266875,0.23433582,0.36434147,0.22112507,0.2957123,0.29362106,0.2526615,0.28991193,0.39468428,0
0.45192122,0.5281971,0.46098897,0.5373277,0.5868573,0.651737,0.6709676,0.5387233,0.5177422,0.5042403,0
0.83094025,0.84931797,0.7305248,0.6214369,0.62761,0.68513256,0.78650475,0.8078619,0.6883058,0.6540933,0.70966256,0.57188666,0.70911276,0.64851063,0.72811824,0.7081507,0.7146484,0.74362916,0.6203341,0.74076647,0
0.5383098,0.4261245,0.35774422,0.30580437,0.40659282,0.36648893,0.31074333,0.33771437,1.0797486,0.4294658,0.43866712,0
0.4348027,0.39763144,0.51467746,0.5878295,0
0.35373515,0.3710282,0.37204584,0.41739383,0.36522976,0.35942513,0.33811027,0.40817046,0.48330367,0.32829866,0
0.38346252,0.5016422,0.54333943,0.30043128,0.4119729,0.46360323,0.34522888,0.38274568,0.30243388,0.35427955,0
0.43425396,0.39454514,0.46492586,0.33727694,0.40626636,0.31112662,0.2979661,0.41629508,0.48545337,0.27570567,0
0.4731409,0.39747533,0.4883631,0.34952557,0.48570284,0.37741822,0.44383168,0.44260842,0.6154767,0.35154164,0
0.4405429,0.39705637,0.5314641,0.41363382,1.1587932,0.48168725,0.45570114,0.4796407,1.1442144,0.5110531,0.39377123,0.4373109,0
0.57270783,0.49251363,0.55861473,0.45996767,0.66049457,0.4027717,0.41744474,0.388672,0.56696814,0.59737355,0
0.1999012,0.3078418,0.26460108,0.25674626,0.29663342,0.26506695,0.3029728,0.27435517,0.22716409,0.21346296,0
0.442336,0.5038479,0.5044034,0.51529646,0.44249734,0.49263623,0.45723578,0.41562265,0.48065695,0.53489274,0
0.3825266,0.50038475,0.4378344,0.5237202,0.7429169,0.43319508,0.47365803,0.43919587,0.49715877,0.48354194,0
0.44815463,0.23037589,0.20137435,0.37532014,0.35627702,0.1954077,0.21346897,0.29523665,0.41289848,0.32884148,1
0.5694251,0.54570585,0.5194371,0.4106306,0.4743931,0.54847217,1
0.70614624,0.45800722,0.39689624,0.37964454,0.69245845,0.5073092,0.45783967,0.4112331,0.45943296,0.62867236,1
0.36789188,0.4011798,0.38890746,0.49214798,0.42458794,0.3266602,0.34182167,0.3798774,0.52593637,0.42438433,1
0.49617058,0.5768419,0.8372777,0.8070596,0.60010105,0.523259,0.4128734,0.43991184,0.39274862,0.48781893,1
0.6832938,0.7689474,1.1675736,0.7384032,0.7475062,0.74881244,0.6433099,0.71415794,0.7191307,0.7616482,0.67737556,0.744253,0.7141275,0.77673495,0.7077132,0.7510609,0.8448351,0.7356061,0.6985278,0.6689978,0.62381905,1
0.26064286,0.37379932,0.27245817,0.39333212,0.2872361,0.3770824,0.27151883,0.26733765,0.26313618,0.3349256,1
0.5963926,0.34254682,0.5147188,0.46366426,0.5758507,0.5657117,0.46649024,0.4539753,0.32847655,0.46213758,1
0.5881089,0.38361236,0.46748176,0.3942186,0.48346666,0.6551478,0.45569387,0.43571955,0.35746542,0.40064597,1
0.3496195,0.30518755,0.34146756,0.28069136,0.30873245,0.24963003,0.31950682,0.33585164,0.27828097,0.25962734,1
0.70197684,0.40208066,0.4279909,0.3713246,0.43445653,0.44186532,0.3010605,0.36985043,0.35337502,0.42526197,1
0.52388686,0.3912252,0.39494103,0.5382166,0.5092143,0.5315148,1
0.47559366,0.45840815,0.43206596,0.45076817,0.43669498,0.5213586,0.53088236,0.5774029,0.52231157,0
0.40563488,0.27342427,0.30570564,0.28086925,0.270663,0.45236582,0.43567246,0.26736853,0.38808736,0.22165562,1
0.17384869,0.23828153,0.19691648,0.2017089,0.30952713,0.18557806,0.3895401,0.2112621,0.14810695,0.33009192,0
0.67186266,0.8400675,0.7834523,0.8209423,0.67696005,0.8223887,0.72275364,0.80255276,0.841726,0.72255343,0.7594034,0.7673563,0.7010495,0.7751809,0.7336121,0.81232107,0.6829028,0.7627931,0.764243,0.79422563,1
0.6334247,0.39931613,0.45273378,0.4270806,0.4633201,0.45008883,0.49087635,0.36531553,0.49171552,0.49605477,1
0.43669927,0.40986982,0.42867872,0.4258045,0.42373535,0.39500192,0.5352383,0.50661844,0.64174926,0.6512521,1
0.4169664,0.22744352,0.324909,0.36759788,0.3841025,0.40133762,0.24409288,0.29518947,0.4753123,0.3741759,1
0.32723778,0.4270772,0.59521395,0.42257375,0.34188262,0.3606758,0.3074314,0.34943017,0.3925223,0.33853668,1
0.561855,0.39129403,0.8311589,0.5464999,0.68497944,0.56305516,1
0.6366282,0.57640064,0.5629747,0.46165672,0.43452197,0.47266322,0.5118317,0.5774093,0.7239759,0.5913249,1
0.47851092,0.4536671,0.3882175,0.30655584,0.42017192,0.45525718,0.44805217,0.40989172,0.31318858,0.47111002,1
0.44589862,0.29510948,0.30947074,0.36899224,0.39793673,0.3801427,0.36879873,0.49465513,0.32389227,0.3227261,1
0.35455072,0.39367467,0.4643542,0.57522285,0.6078658,0.30307227,0.4490519,0.3954944,0.37184462,0.36037233,1
0.79146945,0.99404585,0.82728165,0.72607213,0.8530901,0.7904617,0.84783673,0.78074867,0.81415844,0.8215353,0.8054228,0.86151975,0.7798537,0.69473445,0.83410287,0.8173506,0.7390912,0.75425166,0.82138014,0.7915912,1
0.6498828,0.44114384,0.4462013,0.44687945,0.48267317,0.42964315,0.50164247,0.4670514,0.43781158,1
0.47249186,0.29721394,0.28263414,0.30345201,0.42372563,0.41916674,0.39245334,0.4757734,0.34949228,0.6857426,1
0.4039591,0.5420264,0.34099844,0.30243158,0.24223062,0.3289203,0.34790987,0.3466131,0.27833313,0.3437694,1
0.3175776,0.33457935,0.37564915,0.41155788,0.37761524,0.34589466,0.39484757,0.4813682,0.57668895,0.2859891,1
0.60207194,0.75793856,0.67095953,0.4400159,0.5030408,0.3814693,0.4819483,0.5929939,0.5312238,0.48817143,1
0.7969076,0.82894266,0.7910508,0.8382833,0.77625996,0.71080047,0.8395988,0.7498946,0.7421495,0.9026445,0.73084146,0.9223827,0.7453681,0.7832332,0.788321,0.7102189,0.80482227,0.8350385,0.8295901,0.7436917,1
0.47719592,0.55242246,0.5219639,0.47846174,0.53993696,0.43570837,0.38092384,0.54601794,0.43113855,1
0.7053171,0.6890896,0.46620077,0.57336026,0.40412104,0.39780924,0.4040053,0.35728666,0.40263608,0.61631906,1
0.28511193,0.29541886,0.36223575,0.2893849,0.31604543,0.35105765,0.30886722,0.36544994,0.34417462,0.41994515,1
0.40144628,0.5348203,0.46117914,0.45987672,0.38483778,0.49456176,0.44886902,1.0373741,0.3289378,0.4425632,0.42402768,1
0.72004,0.6978348,0.5900975,0.7087606,0.76643485,0.775268,0.72897756,0.6743931,0.6738752,0.73403835,0.7277491,0.7610639,0.6655884,0.68077636,0.77471715,0.7751098,0.6827054,0.6578436,0.7162667,1
0.27351752,0.25817832,0.302383,0.30043468,0.29991567,0.23076916,0.24714758,0.32289216,0.21483342,0.33156535,1
0.2839947,0.364482,0.26520994,0.3685221,0.30344293,0.3258711,0.23612861,0.3458125,0.21186502,0.2704824,1
0.5493752,0.5446851,0.92039454,0.6103595,0.58884364,0.91937584,0.52804303,0.927533,0.56503874,0.48603165,0.5524746,0.9359333,0.56085443,0.5152662,1
0.49339083,0.5125872,0.56822765,0.30612534,0.5050675,0.46406388,0.41658294,0.2967854,0.3843695,0.50079656,1
0.4677838,0.48079437,0.38719654,0.5381726,0.5228208,0.48116565,0.34294096,0.37863356,0.524962,0.6228656,1
0.7449379,0.64288795,0.5975884,0.54648364,0.49868578,0.63865393,0.7419378,0.4453191,0.78563666,0
0.48675206,0.62831116,0.5361147,0.49421003,0.49676397,0.5557544,0.47042713,0.6166774,0.47836354,1
0.57438904,0.47237197,0.5361191,0.42742857,0.58885086,0.45852154,0.5094175,0.43891978,0.5982991,0.5884517,1
0.5894004,0.30552977,0.5188869,0.4065176,0.44327384,0.3225732,0.32124752,0.31861335,0.34818953,0.46071103,1
0.6219942,0.50428736,0.44481936,0.59642434,0.45117664,0.46886674,0.5294303,0.61825776,0.36882064,0.4472804,1
0.3964877,0.3823542,0.36303866,0.3909347,0.470498,0.40548217,0.3494762,0.38632286,0.36252496,0.2871126,1
0.4365816,0.49876076,0.35462132,0.40169984,0.44079107,0.45794272,0.38510323,0.51159924,0.4994547,0.43963364,1
0.43457577,0.36391324,1.2410086,0.36376116,0.35117072,0.52017057,0.35755733,0.4421083,0.45259482,0.5467563,0.38501275,1
0.4728372,0.5314697,0.3857267,0.455229,1.1708336,0.59470034,0.45686278,0.45696568,0.49079773,0.56799394,0.4535284,1
0.32538626,0.27228102,0.28172302,0.3496697,0.28709766,0.27145976,0.34433943,0.2435505,0.36969382,0.44947433,1
0.6140187,0.48471242,0.56050986,0.6957305,0.61178625,0.53242135,0.8709546,1
0.46815673,0.41510734,0.5377947,0.5684868,0.56206435,0.5198534,0.4850058,0.52097654,0.5721408,1
0.6685458,0.3404081,0.30248213,0.31789383,0.32794732,0.3509414,0.33531058,0.2761633,0.34004307,0.3699327,1
0.5397697,0.68004847,0.54313475,0.45224681,0.7352259,0.7124959,0.45099154,0.44801155,0.45529237,0.51338184,1
0.5926089,0.4357154,0.44180155,0.44290257,0.5351914,0.3904921,0.39490008,0.3869129,0.47202736,0.5467916,1
0.4842897,0.44644395,0.41775545,0.41082075,0.34002674,0.28459305,0.30713126,0.38426465,0.39339927,0.51885444,1
0.30353555,0.35689843,0.4426126,0.31450772,0.33147147,0.32580277,0.26471275,0.42574942,0.26878488,0.31816065,0
0.44013816,0.37800172,0.5260063,0.43333519,0.46135902,0.49114496,0.38411728,0.40726477,0.6914488,0.41144997,1
0.5444831,0.3825142,0.25790176,0.329963,0.42553815,0.6056408,0.56675196,0.42641076,0.344691,0.40088594,1
0.80045056,0.68868065,0.82057023,0.6968177,0.8841427,0.69550437,0.8496893,0.7040174,0.8241406,0.70275867,0.7419202,0.8204621,0.8154558,0.8142303,0.75719076,0.7955572,0.7489046,0.7650373,0.7775327,0.9409874,1
0.46077332,0.55808365,0.4536312,0.4064469,0.65193504,0.45009845,0.45745263,0.5946711,0.5966098,0.6219315,1
0.44638258,0.3552302,0.37749028,0.44457597,0.48014417,0.45415014,0.4612591,0.3738592,0.4199057,0.4431913,1
0.5817475,0.63030064,0.3493671,0.480068,0.6558426,0.47929436,0.49535522,0.43397298,1.1146653,0.4249681,0.41661254,1
0.42976233,0.48811272,0.40750146,0.33675775,0.3615452,0.3949985,0.423752,0.5103744,0.38613832,0.54967344,1
0.38207188,0.38060233,0.35956776,0.3249597,0.3539006,0.28367972,0.27749538,0.4193012,0.33873275,0.45085803,0
0.4292287,0.6104067,0.469236,0.4703701,0.58998716,0.5026354,0.58379334,0.6381104,0.59045875,0.6214528,1
0.5284393,0.34946543,0.45999515,0.49284014,0.38529372,0.29827362,0.39125535,0.46976736,0.4116603,0.33735883,1
0.9534372,0.7421289,0.87545687,0.69542086,0.8585213,0.8046893,0.7906037,0.7862441,0.696932,0.8153709,0.76129216,0.75670177,0.770572,0.71864665,0.7716495,0.8422271,0.7313995,0.77078485,0.7320166,0.7988701,1
0.37774366,0.39930674,0.4339154,0.36962396,0.4072236,0.5542627,0.6824469,0.50621206,1
0.35364506,0.3423589,0.343695,0.23765539,0.32184568,0.27022076,0.39205948,0.30060714,0.29177526,0.29401234,1
0.3846503,0.4994094,0.28414333,0.25324523,0.572639,0.3658603,0.36482623,0.36736095,0.29483753,0.3801064,1
0.33225217,0.34630835,0.33133918,0.28243253,0.53947276,0.51066345,0.44440997,0.26544642,0.3420319,0.3121625,1
0.38074028,0.38645732,0.37383193,0.78668773,0.8003115,0.38032648,0.43620163,0.32721862,0.4518897,0.44568503,1
0.4670637,0.363718,0.3463676,0.26107064,0.21828955,0.27432764,0.2924788,0.2980315,0.41007394,0.29168436,1
0.35605425,0.38685304,0.44573674,0.49372143,0.42001286,0.3496447,0.53217787,0.40711847,0.4544047,1.1697087,0.4035255,1
0.37294328,0.32179245,0.37536559,0.2795453,0.2617686,0.3140778,0.23182562,0.31670877,0.3133525,0.23898953,1
0.23691323,0.3177149,0.34523544,0.25041813,0.348609,0.20379934,0.22413923,0.21622111,0.291277,0.2936442,0
0.48448458,0.55313224,0.4938947,0.48578727,0.44418845,0.46016714,0.42791262,0.61119497,0.46998575,0.4382033,1
0.46860054,0.54283464,0.43539208,0.35338274,0.4057874,0.5221741,0.4465715,0.42574593,0.42048067,0.41505954,1
0.2775017,0.2617871,0.22418125,0.43592104,0.43794024,0.31394827,0.20427069,0.2506159,0.19676377,0.2582185,1
0.42084104,0.41021356,0.84113306,0.4294955,0.42152423,0.4922352,0.3855107,0.42945114,0.40272072,0.4811676,1
0.36531794,0.36195725,0.42900556,0.3189428,0.33975145,0.3982031,0.37799424,0.3836231,0.37118214,0.37555444,0
0.44451028,0.49415392,0.39979008,0.5363592,0.55955267,0.57106775,0.5383826,0.49449587,0
0.37812653,0.34518272,0.44052175,0.48529434,0.4613067,0.36752534,0.6913171,0.41746527,0.45471916,0.43688285,1
0.352532,0.5042724,0.33900383,0.55449915,0.2779052,0.37881684,0.34818888,0.44100696,0.361033,0.27718297,1
0.35790285,0.45528224,0.32075956,0.42411736,0.39103517,0.422563,0.38812086,0.4101184,0.38032833,0.4728119,1
0.48754272,0.37671664,0.40765336,0.45587584,0.3836622,0.4363731,0.34181988,0.3795515,0.4902505,0
0.3328631,0.19866477,0.32345468,0.24994175,0.24244474,0.27159023,0.294898,0.34909195,0.3730673,0.36863014,1
0.438077,0.503373,0.45586446,0.60393214,0.47903934,0.48259956,0.4902382,0.44653684,0.44859517,1.1601793,0.37214223,1
0.38316977,0.4016318,0.31176963,0.30838326,0.30023244,0.35455832,0.31533507,0.3553868,0.38753638,0.35703027,0
0.42846376,0.53154045,0.46425322,1.1181333,0.45669803,0.47368512,0.62000865,0.5710641,0.46702507,1.1626279,0.45623136,0.48990354,1
0.24690478,0.30527213,0.31976846,0.29837385,0.3556066,0.2609143,0.28499612,0.31243578,0.29613188,0.3669566,1
0.35891497,0.25536928,0.25531954,0.35016423,0.34341696,0.23131679,0.26559985,0.25113335,0.20902485,0.25541332,0
0.22707176,0.22351685,0.23734662,0.5066979,0.29299012,0.21585809,0.47923863,0.45340708,0.2581571,0.25113794,0
0.33170065,0.5319971,0.5563311,0.45297357,0.34691525,0.31715092,0.27800277,0.34805042,0.48588613,0.37504068,1
0.24166363,0.23084097,0.25217393,0.40171513,0.46897903,0.25638726,0.19358419,0.23085767,0.19124712,0.27209988,0
0.48881707,0.37167773,0.39909613,0.41403347,0.368138,0.41117832,0.33911714,0.3620115,0.48381734,0.4146519,1
0.4716342,0.5287157,0.37801147,0.45973623,0.43154162,0.5520621,1.1431835,0.49259067,0.4000534,0.43186316,0.44527945,0
0.5529219,0.33312032,0.37721592,0.29273677,0.39363933,0.39691514,0.26659453,0.41013634,0.4129814,0.355532,1
0.75394434,0.5207713,0.4400965,0.47361514,0.5420152,0.50969553,0.68161917,0.57919705,0.49439847,0.60042626,1
0.79736763,0.38573492,0.37853336,0.35481012,0.4496706,0.39102727,0.30985478,0.46754837,0.36637568,0.39885247,1
0.4797916,0.3857558,0.41328108,0.3122207,0.46442518,0.50246155,0.42876732,0.42419705,0.4166716,0.4131729,1
0.9088063,0.7856474,0.59253097,0.68244326,0.53296834,0.666721,0.735531,0.568226,0.9178097,0.48382333,0.80671287,0.6478163,0.8124625,0.58193356,0
0.33389303,0.2786089,0.32518527,0.31471142,0.34630397,0.3830114,0.34966254,0.22080779,0.3196752,0.34760705,1
0.33273554,0.27058962,0.27595362,0.25149766,0.40059924,0.2545243,0.31763163,0.2820788,0.22651272,0.30195948,0
0.53716844,0.65855944,0.54844147,0.69357276,0.59123975,0.64674366,0.7018403,0.68667686,0.5542014,0.7951744,1
0.25739062,0.29575607,0.3233041,0.28386214,0.42113975,0.3566802,0.28385004,0.24433623,0.31678998,0.4858056,1
0.5616816,0.40553597,0.40416342,0.47399315,0.41336033,0.39719558,0.3915571,0.35298416,0.514603,0
0.28222677,0.42259943,0.3946874,0.36203575,0.30882654,0.3061394,0.32397217,0.36653134,0.37447193,0.37605616,0
0.37713602,0.37215334,0.30798274,0.48571458,0.34249103,0.35010725,0.391736,0.2739023,0.40897334,0.43543306,1
0.66887355,0.59414124,0.6816903,0.6969502,0.71523726,0.7202949,0.57161814,0.5120327,0.4546972,0.6543008,0
0.75804514,0.8740051,0.66218007,0.7686745,0.6858974,0.8527225,0.7208283,0.6837369,0.6770664,0.7350116,0.73930424,0.6732751,0.6961559,0.64799833,0.7481778,0.7245081,0.7957402,0.76839477,0.73781157,0.8869038,1
0.40070447,0.3796061,0.3647455,0.37561113,0.46258193,0.38371968,0.42742515,0.44505817,0.42326882,0.4540518,1
0.40878007,0.5929114,0.38172314,0.37189323,0.45732757,0.6072136,0.44088018,0.37354305,0.42883778,0.37601402,1
0.33470744,0.36218816,0.18847106,0.20357797,0.20984675,0.2589796,0.2816787,0.29730478,0.2761459,0.27096987,1
0.44792277,0.5149981,0.46310976,0.5716223,0.4819157,0.46023038,0.47108564,0.47708738,1.0626713,0.44792816,1.0878413,0.39749235,1
0.37850422,0.47681984,0.35062268,1.3100812,0.28977048,0.33689976,0.38617793,0.30010045,0.3820172,0.38695356,0.5407355,1
0.70594835,0.6327004,0.5317439,0.6078115,0.715577,0.56810814,0.6324437,0.68363017,0.5417988,0.6815884,1
0.3015265,0.44074273,0.5010577,0.48376456,0.45955944,0.3681739,0.42078763,1.1678989,0.4412559,0.36714983,0.3540809,1
0.44001207,0.5280851,0.4649759,0.45602363,0.48998922,0.5780143,0.5649297,0.4641163,0.61440164,0.43878466,1
0.44134456,0.58087486,0.5873994,0.59866226,0.4466046,0.5523218,0.44883484,0.5867897,0.60215205,0.6117672,1
0.36139593,0.42489263,0.33843938,0.36910158,0.25365406,0.3302425,0.43328023,0.4495196,0.42039996,0.30813017,0
0.89467007,0.75006366,0.74824363,0.7193388,0.7766721,0.84298587,0.7647267,0.7381341,0.6692857,0.7029685,0.73828113,0.6398978,0.6495795,0.73453367,0.681343,0.71716696,0.64605254,0.7077857,0.7589418,0.7346689,1
0.60048354,0.38367227,0.35742283,0.40600628,0.5173158,0.49864063,0.43185505,0.46419522,0.56168973,0.44485673,1
0.747472,0.5856362,0.39461413,0.554148,0.3764092,0.3883715,0.41653097,0.40846825,0.37922123,0.3782847,1
0.56922656,1.0078278,0.5811064,0.65975237,0.881827,0.7103996,0.6283991,0.5528881,0.90980273,0.6116296,0.68099046,0.67323494,1.005555,0.56307065,0.9769963,0
0.6174427,0.40661258,0.3868957,0.34024996,0.45995474,0.40453005,0.29593408,0.34698477,0.36862215,0.4294352,1
0.28998432,0.30970547,0.40824383,0.23366804,0.20269644,0.23752134,0.26813614,0.23616953,0.42051,0.4869992,1
0.5533111,0.50061655,0.4603989,0.5129859,0.46657032,1.1211066,0.52165943,0.45183116,1.0281832,0.43350607,0.47540295,0.5917211,1.038587,1
0.70648575,0.35222527,0.4056679,0.40495205,0.39581034,0.4183957,0.26360992,0.37112266,0.4018309,0.4412892,1
0.28995118,0.2384663,0.20465007,0.16633876,0.16574901,0.14117643,0.18849838,0.22356395,0.287932,0.36454698,0
0.5032946,0.39920208,0.49875167,0.42442137,0.50256395,0.5656122,0.41710025,0.45328555,0.69518626,0.53128266,1
0.34239239,0.43747854,0.3572544,0.4108491,0.39294627,0.5172035,0.37669262,0.3265729,0.28824377,0.37893057,0
0.38521665,0.38843033,0.38564026,0.39192775,0.4740805,0.3726374,0.45457417,0.4046908,0.35781825,0.34374747,1
0.4790186,0.4734782,0.41305915,0.571148,0.62335914,0.3172845,0.45079735,0.5136762,0.53111595,0.6208617,1
0.3995202,0.53569865,0.37718463,0.43602723,0.5640763,0.56272614,0.3149544,0.32169062,0.30342337,0.29548073,1
0.5293225,0.41072115,0.26169997,0.34194753,0.27770734,0.30367404,0.28973705,0.312974,0.4004499,0.3723648,1
0.5876684,0.70078754,0.7187288,0.9232192,0.54449165,0.5091279,0.48401618,0.5914567,0.6237581,0.54037297,1
0.44821554,0.5720782,0.44805703,0.43335736,0.5987445,0.64195603,0.52773774,0.8333321,0.5467197,1
0.47533566,0.49425697,0.40132377,1.1847594,0.4966367,0.5871086,0.40646964,0.4350504,0.43569306,0.43427202,0.5537852,1.0439539,1
0.31272805,0.35853067,0.26956975,0.29710808,0.3961681,0.3919053,0.3803144,0.41161603,0.43019918,0.32040417,0
0.45159864,0.4157049,0.48316997,0.42355102,0.36581638,0.29555953,0.33933893,0.3674466,1.2906666,0.311022,0.3806609,1
0.38144705,0.42126524,0.380618,0.46633452,0.38714007,0.4867668,0.36005595,0.37313455,0.41672623,0.6784436,0
0.24016647,0.23119988,0.38899103,0.29984352,0.21597718,0.31587255,0.318717,0.23364778,0.21733809,0.17902781,0
0.4049814,0.55529314,0.42092487,0.43621138,0.7940827,0.4998818,0.3518899,0.39901122,0.34499714,0.3591537,1
0.4473198,0.63676316,0.5984025,0.63241106,0.49540305,0.50753826,0.45458755,0.538713,0.5955091,0.5765592,1
0.5101625,0.59593725,0.4191057,0.5030804,0.49870536,0.6438968,0.5280199,0.585245,0.44374096,0.42003426,1
0.40168586,0.5151436,0.50970745,0.61352277,0.43895257,0.5412723,0.466519,1.0501264,0.36409518,0.53065264,0.538614,1
0.46485725,0.40743393,0.2752399,0.37324968,0.3490597,0.4873118,0.39875138,0.46796757,0.32931492,0.6760906,1
0.4207021,0.32501757,0.54528457,0.483693,0.40221733,0.49521622,0.3616547,0.45871955,0.42518827,0.42460597,0
0.50581425,0.2902971,0.31639192,0.39226118,0.37375274,0.48655322,0.4080906,0.4606503,0.35712492,0.7200417,1
0.33714023,0.46741998,0.37725,0.4215611,0.5407116,0.3594813,0.50680476,0.5414581,0.3506516,0.38146368,1
0.49161464,0.5818452,0.50584817,0.46783382,0.536874,0.51548463,0.46702072,0.5476652,0.5462452,0.4614028,1
0.39485654,0.45163023,0.5066736,0.5058493,0.4085565,0.46344233,0.5565331,1.156085,0.38820478,0.4275235,0.44967887,1
0.43779132,0.39816383,0.44912574,0.48163852,0.46174985,0.49054664,0.33211455,0.55741495,0.6260756,0.442403,1
0.40645608,0.3922156,0.46096972,0.5248809,0.45848584,0.5095585,0.47942704,0.45099398,0.7742957,0.4658866,1.1890745,1
0.78775257,0.43385926,0.39916396,0.46336544,0.401139,0.44116753,0.31001344,0.4040341,0.4053678,0.47300756,1
0.36417684,0.43595207,0.37387648,0.44112718,0.5823455,0.31977686,0.22975703,0.36360186,0.33393827,0.32690224,1
0.31240186,0.28905064,0.28626576,0.33180818,0.3163611,0.32069135,0.3458952,0.32353753,0.47736254,0.4407982,1
0.40625972,0.51520777,0.555936,0.6089192,0.40461802,0.52290255,0.43009043,0.5668739,0.5194694,0.49981785,1
0.32836136,0.3822294,0.33758432,0.32700917,0.5557732,0.3601434,0.38091686,0.44379207,0.45363012,0.36989048,0
0.5120044,0.6591491,0.61940324,0.5460027,0.47193316,0.4942643,0.50825,0.7593869,0.5559564,0.6278528,1
0.28833506,0.40304568,0.4954945,0.35960943,0.2804245,0.36044687,0.35724172,0.3963822,0.39395663,0.37570155,0
0.33896646,0.40660343,0.45222387,0.44193503,0.39215496,0.32198903,0.517563,0.49662077,0.3313135,0.45884413,1
0.70600057,0.4996242,0.60540134,0.5467403,0.5399264,0.9857825,0.49980897,0.5581479,0.8966892,0.5275645,0.87703055,1.0554247,0.6723598,0
0.38334572,0.6096702,0.3602852,0.35697913,0.42184937,0.47790015,0.47748947,0.42101094,0.5030483,0.38717198,1
0.54356486,0.38019273,0.39037037,0.41044354,0.40896443,0.32857397,0.4509356,0.48995596,0.5131034,0.55710745,1
0.4150325,0.4095097,0.3789781,0.41167986,0.35494193,0.8784171,0.40716425,0.36265615,0.55470854,0.47387916,0
0.6765263,0.53190464,0.61229414,0.7142829,0.7319364,0.6611688,0.64862734,0.4697739,0.44009715,0.71666783,1
0.49767414,0.45530796,0.37817547,1.0959237,0.387291,0.48287973,0.41823095,0.4808079,0.39484495,1.0911515,0.435883,0.5535298,1
0.41098425,0.3196019,0.40313974,0.4084396,0.42296308,0.455832,0.47070175,0.37558916,0.4594011,0.36773014,1
0.4766678,0.6560557,0.60688025,0.5860419,0.5845873,0.548272,0.6085009,0.53992945,0.49924594,0.5803864,1
0.48075196,0.4474439,0.38690776,0.31793824,0.37114945,0.3091143,0.38679016,0.38516077,0.2864279,0.40738192,1
0.79368263,0.51751995,0.49920025,0.54826415,0.5659528,0.62887484,0.5717301,0.5593286,0.46194425,0.6088313,1
0.5438979,0.5847675,0.5256044,0.5770239,0.59463865,0.5423618,0.46955225,0.48528692,0.78402597,0.51462954,0
0.71189886,0.7164202,0.647843,0.53792477,0.8570708,0.79146874,0.55102485,1
0.3463378,0.42110837,0.51894724,0.47966233,0.39640725,0.5163886,0.44367692,1.1323935,0.349365,0.41446102,0.4547561,1
0.8513359,0.52677095,0.48229373,0.5297362,0.5691823,0.51851326,0.5899925,0.60306376,0.531694,0.5995806,1
0.3031739,0.32070592,0.41746244,0.28985533,0.37881207,0.25480214,0.3043939,0.23956443,0.30454737,0.46743974,1
0.39255738,0.49354774,0.37473068,0.45809054,0.68947446,0.6881208,0.31620517,0.38053116,0.3426179,0.33090654,1
0.93510425,0.5770039,0.6118387,0.559516,0.52741575,0.50231797,0.6851162,0.64683735,0.8012237,1
0.7681509,0.59217083,0.45755103,0.5172306,0.54297394,0.43891442,0.5057075,0.46800795,0.74837714,0.6256387,0
0.40871394,0.5157705,0.43754193,0.42498544,0.7153499,0.5300387,0.31681472,0.39857087,0.3413284,0.29718408,1
0.57993305,0.44155052,0.49591145,0.5808049,0.43652543,0.48240492,0.63775337,0.600954,0.35694367,1
0.6719634,0.518429,0.5554795,0.56330085,0.5967539,0.62621236,1
0.20449494,0.3283802,0.27350417,0.26407474,0.25906023,0.3365968,0.3485939,0.2745432,0.26790914,0.2594751,0
0.4576164,0.5141002,0.39150882,0.34857756,0.48171026,0.4549153,0.3674691,0.44381717,0.3966315,0.4291439,1
0.6529782,0.36312678,0.3481651,0.40460658,0.46468478,0.37681842,0.26888484,0.35638583,0.4170981,0.42506763,1
0.41676545,0.51039475,0.37794527,0.43505135,0.59097576,0.44720235,0.36530605,0.35318026,0.3309953,0.32152367,1
0.3662669,0.28701013,0.36524692,0.3066962,0.21595605,0.3465992,0.39410394,0.4309473,0.2913556,0.31605086,1
0.51506907,0.48261508,1.0074632,0.41113418,0.48635936,0.40358323,0.40482405,0.4211121,0.54189134,0.49885267,1.0124873,0.37163574,1
0.50901926,0.51129186,0.4656552,0.35399652,0.41034207,0.4180178,0.41655272,0.50141233,0.41329044,0.4574497,1
0.75812644,0.36661437,0.38981634,0.3427214,0.43334708,0.37465778,0.27335918,0.3986508,0.38207954,0.41253218,1
0.5654366,0.57921886,0.47400478,0.5727626,0.53226346,0.797548,0.7192741,0.5557152,0.5364189,0.472985,1
0.54201657,0.3981582,0.4793068,0.45330632,0.3962007,0.4843962,0.45236254,0.4989691,0.41408882,1
0.56493485,0.6073219,0.5971003,0.7188879,0.61958027,1
0.50502527,0.67878467,0.41940627,0.48585513,0.36440706,0.5581542,0.51706606,0.49098894,0.48653883,0.4566944,1
0.6217151,0.39858466,0.47558615,0.3891219,0.45623267,0.5087211,0.5456587,0.4980258,0.53199625,0.5608455,1
0.4556993,0.58148193,0.60997576,0.66248024,0.4857672,0.4924329,0.50697535,0.6361369,0.6778684,0.59384155,1
1.0095379,0.59264976,0.69460154,0.6275143,0.66348886,0.5888987,0.6900396,0.71588147,0.7278348,1
0.6688685,0.7947614,0.8203812,0.75024927,0.84822834,0.6008358,0.61938864,0.7263587,0.8003497,0.72748095,0
0.38478875,0.53916276,0.53123385,0.3653275,0.41713488,0.3239274,0.38705918,0.3155495,0.47184554,0.40193337,1
0.45226806,0.36872798,0.44964752,0.4904633,0.452956,0.35736182,0.6420705,0.51019424,0.43646038,0.41066885,1
0.4604938,0.44229597,1.2584345,0.42500776,0.45062596,0.38733175,0.3462397,0.417707,0.5050948,0.49721274,0.5013832,0
0.5631401,0.5733672,0.66329324,0.7179285,0.7785317,0.59669864,0.5124096,0.42715353,0.40631628,0.70317066,1
0.46053714,0.32218033,0.38287008,0.5015933,0.4250893,0.403076,0.32900104,0.49276724,0.50211686,0.48210618,1
0.37398523,0.38569078,0.3830343,0.3877912,0.51799935,0.48344445,0.4206932,0.37564704,0.49939418,0.43567613,1
0.37999257,0.5105461,0.37097988,0.41805464,0.5055922,0.50307727,0.41363958,0.470782,0.425016,0.3836959,1
0.36907366,0.48123923,0.26794678,0.4323085,0.46355215,0.31317738,0.3215515,0.2580988,0.2873574,0.39269796,1
0.61663735,0.5853656,0.60597014,0.3709209,0.4614719,0.39844862,0.3769718,0.43912694,0.43984038,1.3127449,0.4588224,1
0.71643823,0.56094,0.50179374,0.53785926,0.5786017,0.4621451,0.3949825,0.45635965,0.4207056,0.5874821,1
0.5911724,0.6175721,0.5812344,0.53894496,0.54508305,0.46792647,0.6472322,0.53432065,0.6058452,0.4837483,1
0.38678688,0.3689087,0.3013467,0.28232515,0.31576288,0.23906608,0.22297855,0.26155385,0.2696827,0.23712754,0
0.36023152,0.3200152,0.38452807,0.47465768,0.42767137,0.4127217,0.49978516,0.31854963,0.3901257,0.5051907,1
0.5390916,1.1211698,0.46229103,0.3624707,0.46091783,0.53924483,0.40083826,0.4220378,0.4601004,0.465571,0.4593355,1
0.43116313,0.54348457,0.4977581,0.44505954,0.56673354,0.4852016,0.4227083,0.42661947,0.4327168,0.49312958,1
0.4444303,0.58297074,0.49596158,0.5434045,0.519547,0.49005747,0.374292,0.49731526,0.47844413,0.39783806,0
0.5253906,0.5090122,0.41387892,0.6653872,0.69350886,0.5413122,0.7281714,0.5283331,0.46359017,0.3949728,1
0.32480478,0.32498467,0.3493006,0.31583846,0.39126152,0.39520392,0.40593663,0.46707338,0.3193706,0.31772768,1
0.6912388,0.5903793,0.44231397,0.5722394,0.7116857,0.69697034,0.7550956,0.6627067,0.5646712,0.5332445,1
0.5417779,0.52845836,0.4960772,0.48392007,0.40263757,0.44420752,0.4711801,0.47609308,0.4986933,0.5230694,0
0.7116581,0.4800634,0.45943144,0.521946,0.65605646,0.42213312,0.4856293,0.45232767,0.5597853,0.63764864,1
0.6577529,0.7076219,0.5736777,0.70055157,0.6896639,0.69784886,1
0.33884707,0.50249547,0.55102676,0.48916999,0.4518,0.41063687,0.44202,0.35840106,0.47871423,0.43418884,1
0.43802595,0.6062368,0.422184,0.48462644,0.35348213,0.4438348,0.46341932,0.35887426,0.47639543,0.42063305,0
0.38812146,0.501365,0.4431754,0.60687834,0.34171733,0.48646322,0.41765988,0.3689735,0.42436522,0.43467882,1
0.4591166,0.605018,0.45369,0.37036556,0.52473074,0.49754226,0.43638983,0.45322478,0.47350493,0.4009394,1
0.25966448,0.22961393,0.29495537,0.34213042,0.25192034,0.32403025,0.30255055,0.2712806,0.3714716,0.4563311,1
0.5014324,0.6303133,0.489064,0.5514554,0.50014687,0.5153377,0.6434514,0.7458029,1
0.38419476,0.5780814,0.398752,0.4793822,0.6903672,0.7336281,0.3641631,0.3655645,0.3218896,0.4172642,1
0.24028179,0.18904407,0.2667504,0.19455484,0.15741548,0.1920657,0.16522555,0.26720992,0.19754891,0.26188803,1
0.48796865,0.5058984,0.4154068,0.528751,0.48704034,0.5296838,0.50080526,0.54738736,0.5613027,0.4079713,1
0.4029221,0.49757734,0.3953224,0.4327019,0.38528693,0.3319072,0.40887895,0.43921876,0.42408797,0.38050568,1
0.4096219,0.6339278,0.5438728,0.5171415,0.4928191,0.424603,0.67270684,0.42654777,0.4513859,0.40913126,1
0.6327086,0.45723435,0.45672977,0.427028,0.4287283,0.37672594,0.40858486,0.42796344,0.3898023,0.6519049,1
0.4681168,0.5594347,0.4298583,0.7725922,0.45577693,0.5424876,0.53832185,0.70035714,0.5608033,0.3776228,1
0.30520433,0.34362558,0.34289524,0.41869083,0.6759613,0.42483175,0.33278257,0.40547326,0.39312482,0.3574961,1
0.3399856,0.41558644,0.46391407,0.5786227,0.484645,0.41666162,0.5095298,0.46793988,0.48325968,1.1778132,0.35665658,1
